{
    "boardName": "BW1098OBC",
    "boardRev": "R0M0E0",
    "cameraData": [
        [
            0,
            {
                "cameraType": 0,
                "distortionCoeff": [
                    2.0784969329833984,
                    -33.34458541870117,
                    0.0007293328526429832,
                    -0.0005520779523067176,
                    172.79798889160156,
                    1.7424308061599731,
                    -30.984619140625,
                    166.90390014648438,
                    0.0,
                    0.0,
                    0.0,
                    0.0,
                    0.0,
                    0.0
                ],
                "extrinsics": {
                    "rotationMatrix": [],
                    "specTranslation": {
                        "x": 0.0,
                        "y": 0.0,
                        "z": 0.0
                    },
                    "toCameraSocket": -1,
                    "translation": {
                        "x": 0.0,
                        "y": 0.0,
                        "z": 0.0
                    }
                },
                "height": 1080,
                "intrinsicMatrix": [
                    [
                        1460.6644287109375,
                        0.0,
                        959.00146484375
                    ],
                    [
                        0.0,
                        1458.81640625,
                        531.42138671875
                    ],
                    [
                        0.0,
                        0.0,
                        1.0
                    ]
                ],
                "lensPosition": 135,
                "specHfovDeg": 68.7938003540039,
                "width": 1920
            }
        ],
        [
            3,
            {
                "cameraType": 0,
                "distortionCoeff": [
                    -0.30770825532598345,
                    0.11520358062515515,
                    0.0005011736101304087,
                    -0.0004119285171460912,
                    -0.021363562707001994,
                    0.0,
                    0.0,
                    0.0,
                    0.0,
                    0.0,
                    0.0,
                    0.0,
                    0.0,
                    0.0
                ],
                "extrinsics": {
                    "rotationMatrix": [
                        [
                            0.9999580979347229,
                            0.004886251874268055,
                            -0.007745699025690556
                        ],
                        [
                            -0.004901527892798185,
                            0.9999861121177673,
                            -0.0019543941598385572
                        ],
                        [
                            0.00773604167625308,
                            0.001992278266698122,
                            0.9999680519104004
                        ]
                    ],
                    "specTranslation": {
                        "x": 3.75,
                        "y": 0.0,
                        "z": 0.0
                    },
                    "toCameraSocket": 1,
                    "translation": {
                        "x": 3.6778411865234375,
                        "y": -0.020332952961325645,
                        "z": -0.08972050994634628
                    }
                },
                "height": 720,
                "intrinsicMatrix": [
                    [
                        578.0579129494149,
                        0.0,
                        642.0499396232121
                    ],
                    [
                        0.0,
                        577.3265456045835,
                        302.5599633921827
                    ],
                    [
                        0.0,
                        0.0,
                        1.0
                    ]
                ],
                "lensPosition": 0,
                "specHfovDeg": 71.86000061035156,
                "width": 1280
            }
        ],
        [
            2,
            {
                "cameraType": 0,
                "distortionCoeff": [
                    -0.3003363182582502,
                    0.10510672075213838,
                    -0.0002888612475740583,
                    0.00022229574236262887,
                    -0.01764543215574635,
                    0.0,
                    0.0,
                    0.0,
                    0.0,
                    0.0,
                    0.0,
                    0.0,
                    0.0,
                    0.0
                ],
                "extrinsics": {
                    "rotationMatrix": [
                        [
                            0.9999580979347229,
                            0.004886251874268055,
                            -0.007745699025690556
                        ],
                        [
                            -0.004901527892798185,
                            0.9999861121177673,
                            -0.0019543941598385572
                        ],
                        [
                            0.00773604167625308,
                            0.001992278266698122,
                            0.9999680519104004
                        ]
                    ],
                    "specTranslation": {
                        "x": 3.75,
                        "y": 0.0,
                        "z": 0.0
                    },
                    "toCameraSocket": 0,
                    "translation": {
                        "x": 3.6778411865234375,
                        "y": -0.020332952961325645,
                        "z": -0.08972050994634628
                    }
                },
                "height": 720,
                "intrinsicMatrix": [
                    [
                        573.7135570262706,
                        0.0,
                        649.2991121783094
                    ],
                    [
                        0.0,
                        572.9876862242343,
                        386.9743751653517
                    ],
                    [
                        0.0,
                        0.0,
                        1.0
                    ]
                ],
                "lensPosition": 0,
                "specHfovDeg": 71.86000061035156,
                "width": 1280
            }
        ],
        [
            1,
            {
                "cameraType": 0,
                "distortionCoeff": [
                    -0.2933894502941919,
                    0.09520549776594738,
                    0.0002825412057393383,
                    -0.0008225101879163952,
                    -0.013987056960073817,
                    0.0,
                    0.0,
                    0.0,
                    0.0,
                    0.0,
                    0.0,
                    0.0,
                    0.0,
                    0.0
                ],
                "extrinsics": {
                    "rotationMatrix": [
                        [
                            0.999877393245697,
                            -0.003816623007878661,
                            0.0151876425370574
                        ],
                        [
                            0.0037984729278832674,
                            0.9999920129776001,
                            0.001223734114319086
                        ],
                        [
                            -0.015192192047834396,
                            -0.00116589420940727,
                            0.9998838901519775
                        ]
                    ],
                    "specTranslation": {
                        "x": -7.5,
                        "y": 0.0,
                        "z": 0.0
                    },